{
    "BossHPBar": {
        "サイズ": [
            400.0,
            39.4900016784668
        ],
        "フレームの空白の幅": [
            5.0,
            5.0
        ],
        "固定の場合のポジション": [
            640.0,
            34.560001373291016
        ],
        "親子付けした場合のローカルのポジション": [
            0.0,
            -30.0
        ]
    }
}
