{
    "Slot": {
        "スケール": [
            3.200000047683716,
            1.7999999523162842
        ],
        "ポジション": [
            0.0,
            1.6399999856948853,
            0.0
        ]
    }
}
