{
    "StageCamera": {
        "タイトル待機時のポジション": [
            0.0,
            -1.0399999618530273,
            -130.0
        ],
        "ポジション": [
            0.0,
            -0.8600000143051147,
            -85.0
        ]
    }
}
