{
    "StageCamera": {
        "タイトル待機時のポジション": [
            0.0,
            -1.0399999618530273,
            -100.0
        ],
        "ポジション": [
            0.0,
            -0.8600000143051147,
            -58.11000061035156
        ]
    }
}
