{
    "Stage": {
        "Position": [
            0.0,
            -7.699999809265137,
            0.0
        ],
        "Rotate": [
            0.0,
            1.5707963705062866,
            0.0
        ],
        "Scale": [
            1.0,
            5.900000095367432,
            7.800000190734863
        ],
        "SwordEasing": 9
    }
}
