{
    "Stage": {
        "Position": [
            0.0,
            -10.800000190734863,
            0.0
        ],
        "Rotate": [
            0.0,
            1.5707963705062866,
            0.0
        ],
        "Scale": [
            1.0,
            8.0,
            10.5
        ],
        "SwordEasing": 6
    }
}
